[
    {
        "username": "admin",
        "email": "",
        "password": "$2y$12$o4puChG8n2ZuGN1LebhujOQo5tAWwlIppwZTHJXWPAcOhhzCby.Tq",
        "perfil": "admin"
    },
    {
        "username": "usuario",
        "email": "teste@gmail.com",
        "password": "$2y$12$z1finJAqi7uzIyELV6.L1um7f5ucVT0g4G5Z205LPbekmVye5.8Eu",
        "perfil": "usuario"
    },
    {
        "username": "John Cena",
        "email": "nothing@gmail.com",
        "password": "$2y$12$azgX910HwmCkUhVkMtny4OcBoA78Q91TmFVoc.CBtxovvxSBP1B6m",
        "perfil": "usuario"
    },
    {
        "username": "John Wick",
        "email": "wick@support.com",
        "password": "$2y$12$h9Wue18P72Eo60PKBR7m3.XFcOSAHnfTJsWfP1lco48Av4luxEWaq",
        "perfil": "usuario"
    },
    {
        "username": "admin2",
        "email": "",
        "password": "$2y$12$Ph6w19O27S3\/QXzrJHBnRugywg3o4KolVo7ln2.Wnqx\/ee.hgMo5S",
        "perfil": "usuario"
    },
    {
        "username": "user2",
        "email": "user@gmail.com",
        "password": "$2y$12$4o\/1DCJVUHgmhj8mf0OmneLeGx7aeo0CS0x6MGia\/G4JqTiwc3wzy",
        "perfil": "usuario"
    },
    {
        "username": "Magalas",
        "email": "magalas@gmail.com",
        "password": "$2y$12$BL8eFy6KgalkycsNrpNy\/uhbD3y2fGE7SRwunXuZRrQc4agUE5v7a",
        "perfil": "usuario"
    },
    {
        "username": "luquinhasdelas08",
        "email": "luquinhasdelas08@gmail.com",
        "password": "$2y$12$6E.yewUAxfRc\/4GbdJ3zGORqES2gay8XQ\/DvqkroNB9d45DJfDNiu",
        "perfil": "usuario"
    },
    {
        "username": "Morete",
        "email": "morete@gmail.com",
        "password": "$2y$12$JdYTm\/p5UT4KPGpWEJO8pezv2tEiLQMoSng33cyvcKkrOEgXieXhm",
        "perfil": "usuario"
    },
    {
        "username": "fegostoso",
        "email": "fegostoso@gmail,com",
        "password": "$2y$12$3hbl0RggW18n.2mrY56UreMHsiEJmSVINRa1hh7TwMBJuG4nP7KTG",
        "perfil": "usuario"
    },
    {
        "username": "Hernandes",
        "email": "Hernandes@gmail.com",
        "password": "$2y$12$m6LZ0.SXHO3NAsEnSxqAf.u0HErxvYPa\/SDqsEWBUNu06MKbZ6b0y",
        "perfil": "usuario"
    }
]